<profile version="1.0">
  <option name="myName" value="Default" />
  <inspection_tool class="Eslint" enabled="true" level="WARNING" enabled_by_default="true" />
  <inspection_tool class="PyPackageRequirementsInspection" enabled="true" level="WARNING" enabled_by_default="true">
    <option name="ignoredPackages">
      <value>
        <list size="15">
          <item index="0" class="java.lang.String" itemvalue="rollbar" />
          <item index="1" class="java.lang.String" itemvalue="selenium" />
          <item index="2" class="java.lang.String" itemvalue="pytz" />
          <item index="3" class="java.lang.String" itemvalue="buttercms-python" />
          <item index="4" class="java.lang.String" itemvalue="python-Levenshtein" />
          <item index="5" class="java.lang.String" itemvalue="googleapis-common-protos" />
          <item index="6" class="java.lang.String" itemvalue="google-cloud-tasks" />
          <item index="7" class="java.lang.String" itemvalue="simple-salesforce" />
          <item index="8" class="java.lang.String" itemvalue="Jinja2" />
          <item index="9" class="java.lang.String" itemvalue="google-auth" />
          <item index="10" class="java.lang.String" itemvalue="google-cloud-logging" />
          <item index="11" class="java.lang.String" itemvalue="requests-toolbelt" />
          <item index="12" class="java.lang.String" itemvalue="python-dateutil" />
          <item index="13" class="java.lang.String" itemvalue="google-cloud-storage" />
          <item index="14" class="java.lang.String" itemvalue="google-api-core" />
        </list>
      </value>
    </option>
  </inspection_tool>
  <inspection_tool class="SpellCheckingInspection" enabled="false" level="TYPO" enabled_by_default="false">
    <option name="processCode" value="true" />
    <option name="processLiterals" value="true" />
    <option name="processComments" value="true" />
  </inspection_tool>
  <inspection_tool class="TypeScriptAbstractClassConstructorCanBeMadeProtected" enabled="false" level="WEAK WARNING" enabled_by_default="false" />
  <inspection_tool class="TypeScriptCheckImport" enabled="false" level="ERROR" enabled_by_default="false" />
  <inspection_tool class="TypeScriptConfig" enabled="false" level="WARNING" enabled_by_default="false" />
  <inspection_tool class="TypeScriptDuplicateUnionOrIntersectionType" enabled="false" level="WARNING" enabled_by_default="false" />
  <inspection_tool class="TypeScriptExplicitMemberType" enabled="false" level="INFORMATION" enabled_by_default="false" />
  <inspection_tool class="TypeScriptFieldCanBeMadeReadonly" enabled="false" level="WEAK WARNING" enabled_by_default="false" />
  <inspection_tool class="TypeScriptLibrary" enabled="false" level="ERROR" enabled_by_default="false" />
  <inspection_tool class="TypeScriptMissingAugmentationImport" enabled="false" level="INFORMATION" enabled_by_default="false" />
  <inspection_tool class="TypeScriptMissingConfigOption" enabled="false" level="WARNING" enabled_by_default="false" />
  <inspection_tool class="TypeScriptRedundantGenericType" enabled="false" level="WEAK WARNING" enabled_by_default="false" />
  <inspection_tool class="TypeScriptSmartCast" enabled="false" level="WARNING" enabled_by_default="false" />
  <inspection_tool class="TypeScriptSuspiciousConstructorParameterAssignment" enabled="false" level="WARNING" enabled_by_default="false" />
  <inspection_tool class="TypeScriptUMDGlobal" enabled="false" level="WEAK WARNING" enabled_by_default="false" />
  <inspection_tool class="TypeScriptUnresolvedFunction" enabled="false" level="WEAK WARNING" enabled_by_default="false" />
  <inspection_tool class="TypeScriptUnresolvedReactComponent" enabled="false" level="WEAK WARNING" enabled_by_default="false" />
  <inspection_tool class="TypeScriptUnresolvedVariable" enabled="false" level="WEAK WARNING" enabled_by_default="false" />
  <inspection_tool class="TypeScriptValidateGenericTypes" enabled="false" level="ERROR" enabled_by_default="false" />
  <inspection_tool class="TypeScriptValidateJSTypes" enabled="false" level="WEAK WARNING" enabled_by_default="false" />
  <inspection_tool class="TypeScriptValidateTypes" enabled="false" level="ERROR" enabled_by_default="false" />
</profile>