<application>
  <component name="FileTypeManager" version="18">
    <ignoreFiles list="*$py.class;*.pyc;*.pyo;*.rbc;*.yarb;*~;.DS_Store;.git;.hg;.svn;CVS;__pycache__;_svn;vssver.scc;vssver2.scc" />
    <extensionMap>
      <mapping ext="jst" type="EJS" />
      <mapping pattern=".hello" type="PLAIN_TEXT" />
      <mapping pattern=".flake8" type="PLAIN_TEXT" />
      <mapping pattern=".browserslistrc" type="PLAIN_TEXT" />
      <mapping ext="service" type="PLAIN_TEXT" />
    </extensionMap>
  </component>
</application>